{"cameraMode":{"drawMode":0,"name":"Shaded","section":"Shading Mode"},"sceneLighting":false,"audioPlay":false,"sceneViewState":{"m_AlwaysRefresh":false,"showFog":true,"showSkybox":false,"showFlares":true,"showImageEffects":true,"showParticleSystems":true,"showVisualEffectGraphs":true,"m_FxEnabled":true},"in2DMode":false,"pivot":{"x":-1.2425833940505982,"y":-1.7814427614212037,"z":19.03644371032715},"rotation":{"x":-0.16307145357131959,"y":0.00502805458381772,"z":-0.0008277220767922699,"w":-0.9865639805793762},"size":19.09697914123535,"orthographic":false}