{"cameraMode":{"drawMode":0,"name":"Shaded","section":"Shading Mode"},"sceneLighting":false,"audioPlay":false,"sceneViewState":{"m_AlwaysRefresh":false,"showFog":true,"showSkybox":false,"showFlares":true,"showImageEffects":true,"showParticleSystems":true,"showVisualEffectGraphs":true,"m_FxEnabled":true},"in2DMode":false,"pivot":{"x":0.4827956259250641,"y":-0.038468360900878909,"z":0.6464910507202148},"rotation":{"x":-0.5360814929008484,"y":0.0017663297476246954,"z":-0.0011279426980763674,"w":-0.844122588634491},"size":7.077969074249268,"orthographic":false}